City_ID,City,Country,Date,Lat,Lng,Max Temp,Humidity,Cloudiness,Wind Speed
0,Chokurdakh,RU,2022-05-09 20:03:47,70.6333,147.9167,26.31,97,100,6.44
1,Fayaoue,NC,2022-05-09 20:03:47,-20.65,166.5333,76.89,71,100,20.76
2,Pevek,RU,2022-05-09 20:03:48,69.7008,170.3133,22.77,84,99,7.31
3,Henties Bay,NA,2022-05-09 20:03:48,-22.116,14.2845,63.91,59,0,2.95
4,Nsukka,NG,2022-05-09 20:03:49,6.8561,7.3927,78.15,75,33,3.29
5,Khatanga,RU,2022-05-09 20:03:50,71.9667,102.5,32.47,98,100,16.22
6,Port Alfred,ZA,2022-05-09 20:03:50,-33.5906,26.891,63.07,78,12,3.67
7,Vestmannaeyjar,IS,2022-05-09 20:03:51,63.4427,-20.2734,46.98,80,100,3.65
8,Hithadhoo,MV,2022-05-09 20:03:51,-0.6,73.0833,84.6,77,65,20.47
9,Fethiye,TR,2022-05-09 20:03:52,36.6217,29.1164,64.27,63,43,6.6
10,Chuy,UY,2022-05-09 20:03:52,-33.6971,-53.4616,65.52,79,92,7.45
11,Rikitea,PF,2022-05-09 20:03:53,-23.1203,-134.9692,76.08,67,17,10.76
12,Puerto Ayora,EC,2022-05-09 20:03:53,-0.7393,-90.3518,75.69,76,72,8.28
13,Hobart,AU,2022-05-09 20:00:21,-42.8794,147.3294,45.05,90,26,12.66
14,Havre-Saint-Pierre,CA,2022-05-09 20:03:54,50.2334,-63.5986,44.37,61,26,9.82
15,Bluff,NZ,2022-05-09 20:03:55,-46.6,168.3333,48.79,72,69,7.61
16,Qaanaaq,GL,2022-05-09 20:03:55,77.484,-69.3632,21.83,78,55,1.3
17,Narsaq,GL,2022-05-09 20:03:56,60.9167,-46.05,53.82,77,7,5.59
18,Lebu,CL,2022-05-09 20:02:09,-37.6167,-73.65,56.34,81,77,13.69
19,Torbay,CA,2022-05-09 20:03:56,47.6666,-52.7314,44.89,53,7,1.99
20,Esperance,AU,2022-05-09 20:03:57,-33.8667,121.9,61.56,44,10,14.47
21,Aborlan,PH,2022-05-09 20:03:57,9.4352,118.5492,79.45,84,99,3.56
22,Clyde River,CA,2022-05-09 20:03:58,70.4692,-68.5914,23.23,86,100,29.93
23,Saskylakh,RU,2022-05-09 20:03:58,71.9167,114.0833,18.93,96,100,7.34
24,Korla,CN,2022-05-09 20:00:30,41.7597,86.1469,72.77,33,1,3.98
25,Hamilton,US,2022-05-09 19:59:55,39.1834,-84.5333,78.64,47,9,5.01
26,Upernavik,GL,2022-05-09 20:04:00,72.7868,-56.1549,26.35,86,100,2.15
27,Mataura,NZ,2022-05-09 20:04:00,-46.1927,168.8643,48.47,97,97,1.41
28,Ushuaia,AR,2022-05-09 20:00:09,-54.8,-68.3,40.08,91,49,3.31
29,Darhan,MN,2022-05-09 20:04:01,49.4867,105.9228,30.43,67,41,5.01
30,Nanortalik,GL,2022-05-09 20:04:01,60.1432,-45.2371,37.02,86,18,11.23
31,Bodden Town,KY,2022-05-09 20:04:02,19.2833,-81.25,86.0,70,20,10.36
32,Kodiak,US,2022-05-09 20:04:02,57.79,-152.4072,45.91,46,40,14.97
33,Northam,GB,2022-05-09 20:04:03,51.0333,-4.2167,56.39,89,100,13.76
34,Haines Junction,CA,2022-05-09 20:04:04,60.7522,-137.5108,40.53,77,100,3.2
35,Beringovskiy,RU,2022-05-09 20:04:04,63.05,179.3167,33.15,70,3,6.46
36,Carnarvon,AU,2022-05-09 20:04:05,-24.8667,113.6333,75.56,52,97,9.35
37,Snyder,US,2022-05-09 20:04:05,32.7179,-100.9176,102.09,2,0,21.85
38,Kapaa,US,2022-05-09 20:04:06,22.0752,-159.319,80.58,77,40,18.41
39,Orlik,RU,2022-05-09 20:04:06,52.5178,99.825,20.86,78,23,2.42
40,Coquimbo,CL,2022-05-09 20:00:46,-29.9533,-71.3436,63.21,69,7,5.44
41,Georgetown,MY,2022-05-09 20:01:25,5.4112,100.3354,84.13,89,20,0.0
42,Yumen,CN,2022-05-09 20:04:07,40.2833,97.2,53.28,25,100,10.51
43,East London,ZA,2022-05-09 20:00:21,-33.0153,27.9116,63.03,76,7,5.28
44,Leningradskiy,RU,2022-05-09 20:04:08,69.3833,178.4167,20.98,86,73,6.85
45,Pacifica,US,2022-05-09 20:00:07,37.6138,-122.4869,62.64,62,0,8.05
46,Cape Town,ZA,2022-05-09 20:04:09,-33.9258,18.4232,55.35,87,75,1.99
47,Norman Wells,CA,2022-05-09 20:04:09,65.282,-126.8329,43.72,31,0,13.29
48,Lompoc,US,2022-05-09 20:01:35,34.6391,-120.4579,71.56,54,42,20.0
49,Saldanha,ZA,2022-05-09 20:05:10,-33.0117,17.9442,56.68,82,70,6.93
50,Mount Isa,AU,2022-05-09 20:05:11,-20.7333,139.5,65.97,100,75,6.91
51,Puerto Ayacucho,VE,2022-05-09 20:05:11,5.6639,-67.6236,82.98,76,100,3.09
52,Ambilobe,MG,2022-05-09 20:05:12,-13.2,49.05,73.11,92,3,3.09
53,Aklavik,CA,2022-05-09 20:02:45,68.2191,-135.0107,39.67,73,100,12.8
54,Brigantine,US,2022-05-09 20:05:13,39.4101,-74.3646,65.03,34,20,19.57
55,Millinocket,US,2022-05-09 20:05:13,45.6573,-68.7098,69.91,14,0,5.75
56,Aksu,CN,2022-05-09 20:00:26,41.1231,80.2644,74.77,24,5,4.38
57,Busselton,AU,2022-05-09 20:04:08,-33.65,115.3333,55.76,88,39,2.59
58,Butaritari,KI,2022-05-09 20:05:14,3.0707,172.7902,81.19,74,7,19.82
59,Atuona,PF,2022-05-09 20:05:15,-9.8,-139.0333,78.49,80,19,16.4
60,Arraial Do Cabo,BR,2022-05-09 20:05:15,-22.9661,-42.0278,75.06,60,20,6.91
61,Talnakh,RU,2022-05-09 20:05:16,69.4865,88.3972,31.15,97,100,12.48
62,Malayal,PH,2022-05-09 20:05:17,7.208,121.942,80.2,83,100,3.76
63,Tura,IN,2022-05-09 20:05:18,25.5198,90.2201,72.61,89,96,5.41
64,Hasaki,JP,2022-05-09 20:05:18,35.7333,140.8333,54.0,81,100,17.63
65,Camocim,BR,2022-05-09 20:05:19,-2.9022,-40.8411,77.07,90,100,4.45
66,Ginir,ET,2022-05-09 20:05:19,7.1333,40.7,59.7,75,9,4.47
67,Prince Rupert,CA,2022-05-09 20:03:46,54.3161,-130.3201,48.29,87,100,8.05
68,Barrow,US,2022-05-09 20:05:20,71.2906,-156.7887,30.22,93,100,8.05
69,Bengkulu,ID,2022-05-09 20:05:21,-3.8004,102.2655,77.92,83,95,3.18
70,Chicama,PE,2022-05-09 20:05:21,-7.8447,-79.1469,63.14,66,25,9.69
71,Margate,GB,2022-05-09 20:05:22,51.3813,1.3862,60.87,63,100,3.0
72,Ribeira Grande,PT,2022-05-09 20:05:22,38.5167,-28.7,66.6,77,20,3.44
73,Albany,US,2022-05-09 20:05:23,42.6001,-73.9662,73.33,19,0,3.0
74,Raga,SS,2022-05-09 20:05:23,8.4596,25.678,84.0,38,94,2.01
75,Waipawa,NZ,2022-05-09 20:05:24,-41.4122,175.5153,51.6,83,100,14.2
76,Atar,MR,2022-05-09 20:05:24,20.5169,-13.0499,97.9,14,100,17.69
77,Challans,FR,2022-05-09 20:05:25,46.8436,-1.8749,68.2,78,98,4.45
78,Anadyr,RU,2022-05-09 20:05:25,64.75,177.4833,24.62,84,5,10.09
79,Mar Del Plata,AR,2022-05-09 20:02:46,-38.0023,-57.5575,55.94,77,4,5.01
80,Hermanus,ZA,2022-05-09 20:05:26,-34.4187,19.2345,58.44,73,81,6.93
81,Nador,MA,2022-05-09 20:05:27,35.174,-2.9287,66.45,77,0,4.61
82,Castro,BR,2022-05-09 20:05:27,-24.7911,-50.0119,64.38,77,80,4.94
83,Faya,SA,2022-05-09 20:05:28,18.3851,42.4509,68.52,58,57,4.63
84,Yulara,AU,2022-05-09 20:01:23,-25.2406,130.9889,43.38,56,0,8.32
85,Whitecourt,CA,2022-05-09 20:04:24,54.1502,-115.6855,38.53,46,100,15.7
86,Gazanjyk,TM,2022-05-09 20:05:29,39.2446,55.5154,63.36,48,2,6.51
87,Londonderry,GB,2022-05-09 20:04:08,54.9981,-7.3093,55.13,82,40,11.5
88,Argelia,CO,2022-05-09 20:05:29,2.2556,-77.2488,74.01,89,100,2.1
89,Hilo,US,2022-05-09 20:05:30,19.7297,-155.09,82.27,68,20,8.99
90,Punta Arenas,CL,2022-05-09 20:01:07,-53.15,-70.9167,48.11,76,9,14.72
91,Nikolskoye,RU,2022-05-09 20:05:31,59.7035,30.7861,40.91,78,9,4.5
92,Trairi,BR,2022-05-09 20:05:32,-3.2778,-39.2689,77.86,88,100,3.18
93,Yellowknife,CA,2022-05-09 20:05:32,62.456,-114.3525,24.57,62,100,21.0
94,Prainha,BR,2022-05-09 20:05:33,-1.8,-53.48,79.29,91,99,2.21
95,Srivardhan,IN,2022-05-09 20:06:33,18.0333,73.0167,82.58,81,100,11.88
96,Rumoi,JP,2022-05-09 20:06:34,43.9344,141.6428,46.76,62,5,12.17
97,Inhambane,MZ,2022-05-09 20:06:35,-23.865,35.3833,69.91,84,58,4.09
98,Tres Arroyos,AR,2022-05-09 20:06:35,-38.3739,-60.2798,63.48,44,26,9.17
99,Roswell,US,2022-05-09 20:06:36,34.0232,-84.3616,75.7,54,0,5.75
100,Chernyshevskiy,RU,2022-05-09 20:06:36,63.0128,112.4714,14.32,96,13,2.75
101,Alice Springs,AU,2022-05-09 20:03:29,-23.7,133.8833,53.15,50,100,8.05
102,Krasnyy Yar,RU,2022-05-09 20:06:37,46.5331,48.3456,51.73,89,100,11.16
103,Ponta Do Sol,PT,2022-05-09 20:06:38,32.6667,-17.1,74.03,41,36,6.91
104,Sioux Lookout,CA,2022-05-09 20:06:38,50.1001,-91.917,51.87,76,75,14.97
105,Turkmenabat,TM,2022-05-09 20:06:39,39.0733,63.5786,70.29,40,100,18.39
106,Adolfo Lopez Mateos,MX,2022-05-09 20:06:41,28.4667,-107.3,83.93,7,0,22.41
107,Karratha,AU,2022-05-09 20:06:41,-20.7377,116.8463,74.32,42,69,10.09
108,Stephenville Crossing,CA,2022-05-09 20:06:42,48.5,-58.4318,45.16,59,1,5.86
109,Mahebourg,MU,2022-05-09 20:06:42,-20.4081,57.7,74.25,94,40,1.14
110,Mielec,PL,2022-05-09 20:06:43,50.2871,21.4239,54.79,60,92,8.7
111,Vaini,TO,2022-05-09 20:06:43,-21.2,-175.2,71.76,68,20,6.91
112,Nara,JP,2022-05-09 20:06:01,34.6851,135.8049,50.5,80,95,3.2
113,Fairbanks,US,2022-05-09 20:05:32,64.8378,-147.7164,41.22,89,100,12.66
114,Athabasca,CA,2022-05-09 20:06:44,54.7169,-113.2854,41.2,60,100,10.18
115,Rorvik,NO,2022-05-09 20:06:45,64.8621,11.2373,46.51,81,75,5.75
116,Bambous Virieux,MU,2022-05-09 20:06:45,-20.3428,57.7575,74.21,94,40,1.14
117,Tuktoyaktuk,CA,2022-05-09 20:06:46,69.4541,-133.0374,35.98,83,100,13.82
118,Colombo,LK,2022-05-09 20:02:52,6.9319,79.8478,84.15,84,100,14.94
119,Iqaluit,CA,2022-05-09 20:06:47,63.7506,-68.5145,34.7,74,100,4.0
120,Paso De Los Toros,UY,2022-05-09 20:06:47,-32.8167,-56.5167,66.25,75,100,5.28
121,Barinitas,VE,2022-05-09 20:06:48,8.7622,-70.4111,81.66,67,77,3.71
122,Port Hardy,CA,2022-05-09 20:06:48,50.6996,-127.4199,47.17,79,99,6.4
123,New Norfolk,AU,2022-05-09 20:06:49,-42.7826,147.0587,44.71,82,59,3.31
124,Chepen,PE,2022-05-09 20:06:49,-7.2167,-79.45,76.5,60,20,12.12
125,Severo-Kurilsk,RU,2022-05-09 20:06:50,50.6789,156.125,37.47,89,100,14.74
126,Shimoda,JP,2022-05-09 20:06:51,34.6667,138.95,53.1,89,100,17.13
127,Sitrah,BH,2022-05-09 20:06:51,26.1547,50.6206,80.6,47,0,11.5
128,Tiksi,RU,2022-05-09 20:06:52,71.6872,128.8694,9.88,90,71,11.32
129,Saint-Joseph,RE,2022-05-09 20:06:52,-21.3667,55.6167,70.18,82,13,3.6
130,Greymouth,NZ,2022-05-09 20:06:53,-42.4667,171.2,51.01,87,9,7.61
131,Vostok,RU,2022-05-09 20:06:54,46.4856,135.8833,40.57,66,2,6.87
132,Faanui,PF,2022-05-09 20:06:54,-16.4833,-151.75,81.82,73,1,14.7
133,Sorong,ID,2022-05-09 20:06:55,-0.8833,131.25,79.47,90,100,13.73
134,Guozhen,CN,2022-05-09 20:07:55,34.3659,107.359,54.14,90,67,2.15
135,Finkenstein,AT,2022-05-09 20:07:56,46.5623,13.8709,58.01,91,40,1.52
136,Jamestown,US,2022-05-09 20:07:57,42.097,-79.2353,75.52,19,0,4.61
137,Aquin,HT,2022-05-09 20:07:57,18.2833,-73.4,83.14,63,0,5.53
138,Nome,US,2022-05-09 20:07:58,64.5011,-165.4064,32.16,74,40,16.11
139,Kolondieba,ML,2022-05-09 20:07:58,11.0882,-6.8926,89.62,40,87,5.86
140,Fernie,CA,2022-05-09 20:07:59,49.5,-115.0687,43.48,84,100,4.97
141,Lasem,ID,2022-05-09 20:07:59,-6.6922,111.4527,78.8,91,100,6.82
142,Punta Gorda,US,2022-05-09 20:08:00,26.9298,-82.0454,91.0,47,75,11.5
143,Kamina,CD,2022-05-09 20:08:01,-8.7386,24.9906,67.77,78,0,2.39
144,Kotdwara,IN,2022-05-09 20:08:01,29.75,78.5333,80.6,40,0,6.93
145,Puerto Madryn,AR,2022-05-09 20:08:02,-42.7692,-65.0385,65.32,35,4,14.36
146,Selishche,RU,2022-05-09 20:08:02,56.8879,33.2691,34.66,69,7,5.26
147,Longyearbyen,SJ,2022-05-09 20:08:03,78.2186,15.6401,17.44,62,40,12.66
148,Pietarsaari,FI,2022-05-09 20:08:04,63.65,22.6833,45.0,66,85,11.86
149,Taltal,CL,2022-05-09 20:08:04,-25.4,-70.4833,67.77,63,24,1.14
150,Mount Gambier,AU,2022-05-09 20:08:05,-37.8333,140.7667,43.74,80,14,4.14
151,Kavieng,PG,2022-05-09 20:08:05,-2.5744,150.7967,82.69,78,99,17.18
152,Devils Lake,US,2022-05-09 20:08:06,48.1128,-98.8651,51.94,92,100,13.8
153,Pachino,IT,2022-05-09 20:08:06,36.7186,15.0907,60.06,85,10,13.09
154,Saint George,US,2022-05-09 20:07:14,37.1041,-113.5841,69.44,11,0,8.01
155,Monsenhor Gil,BR,2022-05-09 20:08:07,-5.5642,-42.6078,81.68,70,48,4.54
156,Cherskiy,RU,2022-05-09 20:08:08,68.75,161.3,35.02,75,100,21.85
157,Alegrete,BR,2022-05-09 20:08:08,-29.7831,-55.7919,69.82,68,50,0.38
158,Noumea,NC,2022-05-09 20:08:09,-22.2763,166.4572,73.99,99,74,8.48
159,Bethel,US,2022-05-09 20:08:09,41.3712,-73.414,71.64,25,0,13.8
160,San Luis,AR,2022-05-09 20:08:10,-33.295,-66.3356,70.63,43,99,2.8
161,Pisco,PE,2022-05-09 20:08:11,-13.7,-76.2167,71.65,64,62,24.16
162,Bilibino,RU,2022-05-09 20:08:11,68.0546,166.4372,25.36,83,100,3.24
163,Avarua,CK,2022-05-09 20:08:12,-21.2078,-159.775,81.45,78,63,13.18
164,Mehamn,NO,2022-05-09 20:08:12,71.0357,27.8492,35.51,85,73,6.96
165,Mumford,GH,2022-05-09 20:08:13,5.2618,-0.759,82.27,82,93,14.72
166,Noyabrsk,RU,2022-05-09 20:08:14,63.1994,75.4507,36.34,99,100,10.25
167,Klaksvik,FO,2022-05-09 20:08:14,62.2266,-6.589,47.32,98,100,13.47
168,Saint-Philippe,RE,2022-05-09 20:08:15,-21.3585,55.7679,71.19,83,18,5.28
169,Zaraza,VE,2022-05-09 20:08:15,9.3503,-65.3245,91.04,41,100,4.74
170,Flinders,AU,2022-05-09 20:08:16,-34.5833,150.8552,59.18,94,92,3.0
171,Saint-Leu,RE,2022-05-09 20:08:17,-21.15,55.2833,70.66,79,23,0.09
172,Gat,IL,2022-05-09 20:08:17,31.61,34.7642,74.39,51,0,8.39
173,Moron,AR,2022-05-09 20:08:18,-34.6534,-58.6198,70.93,61,100,4.65
174,Yanam,IN,2022-05-09 20:08:18,16.7333,82.2167,84.06,69,100,15.61
175,Pajapan,MX,2022-05-09 20:08:19,18.25,-94.7,95.16,36,70,5.37
176,Monrovia,LR,2022-05-09 20:04:10,6.3005,-10.7969,79.79,81,83,6.51
177,Dese,ET,2022-05-09 20:08:19,11.1333,39.6333,59.22,67,81,0.67
178,Provideniya,RU,2022-05-09 20:09:20,64.3833,-173.3,32.41,85,9,7.11
179,Airai,TL,2022-05-09 20:09:21,-8.9266,125.4092,57.36,75,97,2.39
180,Bitung,ID,2022-05-09 20:09:21,1.4451,125.1824,76.05,83,100,2.39
181,Tual,ID,2022-05-09 20:09:22,-5.6667,132.75,83.37,79,79,4.23
182,Mitsamiouli,KM,2022-05-09 20:09:22,-11.3847,43.2844,81.14,77,43,6.2
183,Naliya,IN,2022-05-09 20:09:23,23.2667,68.8333,80.91,78,0,11.1
184,Rampur Hat,IN,2022-05-09 20:08:20,24.1667,87.7833,82.06,72,100,7.05
185,Honiara,SB,2022-05-09 20:09:24,-9.4333,159.95,78.87,85,92,6.76
186,Bathsheba,BB,2022-05-09 20:09:24,13.2167,-59.5167,84.81,70,20,13.8
187,Sijunjung,ID,2022-05-09 20:09:25,-0.6876,100.9537,73.36,98,99,1.23
188,San Cristobal,VE,2022-05-09 20:09:26,7.7669,-72.225,80.78,69,99,5.61
189,Oistins,BB,2022-05-09 20:09:26,13.0667,-59.5333,84.29,70,20,13.8
190,Bacolod,PH,2022-05-09 20:09:27,10.6667,122.95,80.15,78,100,7.2
191,Maniitsoq,GL,2022-05-09 20:09:27,65.4167,-52.9,30.94,94,100,15.97
192,Luderitz,NA,2022-05-09 20:09:28,-26.6481,15.1594,61.47,55,9,7.61
193,Antalaha,MG,2022-05-09 20:09:29,-14.9003,50.2788,73.94,90,19,4.07
194,Grants,US,2022-05-09 20:09:30,35.1473,-107.8514,73.63,9,0,19.57
195,Pacific Grove,US,2022-05-09 20:05:19,36.6177,-121.9166,61.02,54,0,14.97
196,Siloam Springs,US,2022-05-09 20:09:30,36.1881,-94.5405,87.3,68,38,21.61
197,Popondetta,PG,2022-05-09 20:09:31,-8.7537,148.2534,74.01,90,85,3.06
198,West Helena,US,2022-05-09 20:09:31,34.5507,-90.6418,85.68,50,0,15.28
199,Emerald,AU,2022-05-09 20:09:32,-23.5333,148.1667,65.34,90,100,10.54
200,Sur,OM,2022-05-09 20:09:33,22.5667,59.5289,86.38,56,0,9.82
201,Fomboni,KM,2022-05-09 20:09:33,-12.28,43.7425,81.84,77,32,15.59
202,Agua Dulce,MX,2022-05-09 20:08:17,18.1333,-94.1333,96.58,47,51,13.09
203,Grindavik,IS,2022-05-09 20:09:34,63.8424,-22.4338,48.67,76,20,12.66
204,Great Falls,US,2022-05-09 20:09:35,47.5002,-111.3008,52.66,24,75,18.41
205,Thompson,CA,2022-05-09 20:09:35,55.7435,-97.8558,63.23,56,100,8.48
206,Cidreira,BR,2022-05-09 20:09:36,-30.1811,-50.2056,67.84,77,0,12.44
207,Sao Filipe,CV,2022-05-09 20:09:36,14.8961,-24.4956,73.11,80,13,8.9
208,Nouadhibou,MR,2022-05-09 20:09:37,20.931,-17.0347,65.7,92,100,19.6
209,Chalmette,US,2022-05-09 20:09:07,29.9427,-89.9634,90.0,55,100,12.66
210,Kerema,PG,2022-05-09 20:09:37,-7.9631,145.7785,79.83,87,100,3.04
211,San Francisco,US,2022-05-09 20:09:24,37.7749,-122.4194,62.89,55,40,16.11
212,Ahipara,NZ,2022-05-09 20:09:38,-35.1667,173.1667,61.84,82,12,10.6
213,Smolenka,RU,2022-05-09 20:09:39,52.1352,113.4974,32.07,64,40,13.42
214,Baker City,US,2022-05-09 20:06:02,44.7749,-117.8344,43.59,60,100,5.75
215,Carutapera,BR,2022-05-09 20:09:39,-1.195,-46.02,76.33,92,100,2.37
216,Uusikaupunki,FI,2022-05-09 20:09:40,60.8004,21.4084,42.53,79,57,15.95
217,Campina Grande Do Sul,BR,2022-05-09 20:09:40,-25.3056,-49.0553,65.39,89,68,4.38
218,Lorengau,PG,2022-05-09 20:09:41,-2.0226,147.2712,83.75,69,97,13.69
219,Vetluga,RU,2022-05-09 20:09:41,57.8557,45.781,37.15,97,100,12.5
220,Bairiki,KI,2022-05-09 20:09:42,1.3292,172.9752,82.4,78,20,12.66
221,Thiruvananthapuram,IN,2022-05-09 20:09:40,8.4833,76.9167,84.18,74,75,10.36
222,Mayo,US,2022-05-09 20:10:43,38.8876,-76.5119,71.37,34,0,15.01
223,Longavi,CL,2022-05-09 20:10:43,-35.9667,-71.6833,67.32,56,43,6.76
224,Srednekolymsk,RU,2022-05-09 20:10:44,67.45,153.6833,32.05,91,100,15.1
225,Contamana,PE,2022-05-09 20:10:44,-7.3333,-75.0167,91.78,44,81,0.72
226,Laguna,US,2022-05-09 20:10:45,38.421,-121.4238,65.17,40,40,10.36
227,Eureka,US,2022-05-09 20:10:46,40.8021,-124.1637,54.25,73,97,4.0
228,Haimen,CN,2022-05-09 20:10:46,23.1935,116.6142,71.06,87,100,13.98
229,Snezhnogorsk,RU,2022-05-09 20:10:47,69.1933,33.2531,40.78,68,73,17.69
230,Gamboula,CF,2022-05-09 20:10:47,4.1178,15.1393,71.2,91,100,3.29
231,Takoradi,GH,2022-05-09 20:10:48,4.8845,-1.7554,81.07,81,97,10.92
232,Charters Towers,AU,2022-05-09 20:10:48,-20.1,146.2667,67.71,92,98,12.21
233,Souillac,MU,2022-05-09 20:10:49,-20.5167,57.5167,73.78,94,40,1.14
234,Guerrero Negro,MX,2022-05-09 20:10:49,27.9769,-114.0611,66.69,56,0,21.12
235,Ucluelet,CA,2022-05-09 20:10:50,48.9329,-125.5528,52.09,77,77,3.0
236,Bilma,NE,2022-05-09 20:10:50,18.6853,12.9164,94.64,9,2,8.84
237,Buala,SB,2022-05-09 20:10:51,-8.145,159.5921,81.21,85,79,9.37
238,Aykhal,RU,2022-05-09 20:10:52,66.0,111.5,5.36,97,78,7.23
239,Iisalmi,FI,2022-05-09 20:10:52,63.5592,27.1907,36.84,83,96,6.35
240,Husavik,IS,2022-05-09 20:10:53,66.0449,-17.3389,38.48,97,100,9.46
241,Chapais,CA,2022-05-09 20:10:53,49.7834,-74.8492,64.87,38,99,8.21
242,Tuatapere,NZ,2022-05-09 20:10:54,-46.1333,167.6833,46.85,87,83,2.93
243,Bredasdorp,ZA,2022-05-09 20:10:54,-34.5322,20.0403,54.03,82,51,4.45
244,Hualmay,PE,2022-05-09 20:10:55,-11.0964,-77.6139,69.75,76,23,10.51
245,Quzhou,CN,2022-05-09 20:10:55,28.9594,118.8686,62.15,94,100,5.77
246,Izhmorskiy,RU,2022-05-09 20:10:56,56.194,86.6414,34.48,53,0,3.31
247,Alugan,PH,2022-05-09 20:10:57,12.2188,125.4808,79.56,85,100,9.46
248,Belize,BZ,2022-05-09 20:10:57,17.25,-88.75,97.39,40,14,7.72
249,Cotonou,BJ,2022-05-09 20:10:58,6.3654,2.4183,82.56,82,72,14.45
250,Narrabri,AU,2022-05-09 20:10:58,-30.3167,149.7833,49.51,83,93,4.0
251,Lagoa,PT,2022-05-09 20:10:59,39.05,-27.9833,63.72,76,57,4.18
252,Belmonte,BR,2022-05-09 20:10:59,-15.8631,-38.8828,76.53,76,2,13.09
253,San Patricio,US,2022-05-09 20:11:00,28.017,-97.5169,91.26,54,0,21.45
254,Brae,GB,2022-05-09 20:11:00,60.3964,-1.353,49.66,91,100,23.44
255,Corinto,GR,2022-05-09 20:11:01,37.9407,22.9573,63.41,40,2,2.77
256,Los Llanos De Aridane,ES,2022-05-09 20:11:02,28.6585,-17.9182,67.12,88,0,11.5
257,Port Elizabeth,ZA,2022-05-09 20:11:02,-33.918,25.5701,61.32,89,15,3.0
258,Sabang,ID,2022-05-09 20:11:03,5.8933,95.3214,84.04,74,97,12.8
259,Herat,AF,2022-05-09 20:11:04,34.5,62.0,59.14,80,42,16.98
260,Kupang,ID,2022-05-09 20:11:04,-10.1667,123.5833,75.78,80,100,7.49
261,Mugumu,TZ,2022-05-09 20:11:05,-1.85,34.7,62.37,95,98,1.5
262,Calama,CL,2022-05-09 20:06:28,-22.4667,-68.9333,68.49,14,0,21.85
263,Fortuna,US,2022-05-09 20:11:05,40.5982,-124.1573,53.98,82,75,5.75
264,Toamasina,MG,2022-05-09 20:11:06,-18.1667,49.3833,74.79,91,13,7.7
265,Pangody,RU,2022-05-09 20:11:07,65.85,74.4859,34.5,98,100,12.64
266,Wagar,SD,2022-05-09 20:11:07,16.1525,36.2032,88.83,16,21,20.02
267,Diffa,NE,2022-05-09 20:11:08,13.3154,12.6113,92.75,28,35,9.55
268,Millau,FR,2022-05-09 20:08:03,44.0833,2.9167,62.73,82,24,0.81
269,Alofi,NU,2022-05-09 20:12:09,-19.0595,-169.9187,78.69,78,40,9.22
270,Cabo San Lucas,MX,2022-05-09 20:12:09,22.8909,-109.9124,89.62,26,0,6.91
271,Zhigansk,RU,2022-05-09 20:10:48,66.7697,123.3711,7.7,92,12,8.03
272,Doha,QA,2022-05-09 20:12:10,25.2867,51.5333,82.38,24,0,8.05
273,Grado,ES,2022-05-09 20:12:11,43.388,-6.0743,64.9,77,0,0.0
274,Byron Bay,AU,2022-05-09 20:08:30,-28.65,153.6167,61.95,74,100,10.29
275,Jiazi,CN,2022-05-09 20:12:12,22.8779,116.067,72.18,86,100,12.28
276,Hays,US,2022-05-09 20:12:12,30.0502,-98.0336,94.93,55,0,10.0
277,Soyo,AO,2022-05-09 20:12:13,-6.1349,12.3689,78.49,90,31,7.43
278,Goma,CD,2022-05-09 20:12:13,-1.6792,29.2228,63.21,89,90,1.97
279,Pandrup,DK,2022-05-09 20:12:14,57.2215,9.6757,55.31,67,20,6.91
280,Sampit,ID,2022-05-09 20:12:14,-2.5333,112.95,74.86,96,100,2.04
281,Portland,US,2022-05-09 20:11:51,45.5234,-122.6762,55.98,63,75,5.99
282,Lucea,JM,2022-05-09 20:12:15,18.451,-78.1736,85.86,70,19,4.29
283,Sunland Park,US,2022-05-09 20:12:15,31.7965,-106.58,90.34,10,0,23.02
284,Biharamulo,TZ,2022-05-09 20:12:16,-2.6319,31.3089,65.89,72,94,2.82
285,Ayr,GB,2022-05-09 20:12:17,55.4627,-4.6339,56.32,88,75,19.57
286,Port Macquarie,AU,2022-05-09 20:12:17,-31.4333,152.9167,58.89,100,75,5.75
287,Santa Cruz De Tenerife,ES,2022-05-09 20:12:18,28.4682,-16.2546,71.78,81,0,1.99
288,Gagarin,RU,2022-05-09 20:12:18,55.5529,34.9954,35.82,67,49,8.48
289,Rocha,UY,2022-05-09 20:08:26,-34.4833,-54.3333,62.91,76,93,6.22
290,Llangefni,GB,2022-05-09 20:12:19,53.2556,-4.3106,55.72,88,100,24.16
291,Birecik,TR,2022-05-09 20:12:19,37.0294,37.9903,65.41,48,13,5.28
292,Tasiilaq,GL,2022-05-09 20:12:20,65.6145,-37.6368,35.76,62,90,6.4
293,Ponta Delgada,PT,2022-05-09 20:12:21,37.7333,-25.6667,65.12,72,40,5.75
294,Lake Shore,US,2022-05-09 20:12:21,39.1071,-76.485,71.26,32,0,12.66
295,Norilsk,RU,2022-05-09 20:12:22,69.3535,88.2027,33.17,97,100,10.29
296,Dikson,RU,2022-05-09 20:12:22,73.5069,80.5464,6.19,99,28,7.78
297,Rawson,AR,2022-05-09 20:12:23,-43.3002,-65.1023,64.92,32,0,6.69
298,Beyla,GN,2022-05-09 20:12:23,8.6833,-8.6333,71.49,85,90,5.23
299,Fez,MA,2022-05-09 20:12:24,34.0372,-4.9998,77.25,25,0,8.05
300,Elko,US,2022-05-09 20:12:24,41.0002,-115.5012,43.74,47,100,11.99
301,Vienna,AT,2022-05-09 20:11:57,48.2085,16.3721,64.15,68,0,3.0
302,Turukhansk,RU,2022-05-09 20:12:25,65.8167,87.9833,33.06,87,100,13.76
303,Puerto Maldonado,PE,2022-05-09 20:12:26,-12.6,-69.1833,91.8,46,20,5.75
304,Lerik,AZ,2022-05-09 20:12:26,38.7726,48.4128,44.24,96,99,1.16
305,Rafai,CF,2022-05-09 20:12:27,4.95,23.9167,70.34,95,100,4.27
306,Waingapu,ID,2022-05-09 20:12:28,-9.6567,120.2641,77.0,83,48,8.46
307,Bestobe,KZ,2022-05-09 20:12:29,52.4994,73.0975,53.24,49,58,8.34
308,Mingyue,CN,2022-05-09 20:12:30,43.1069,128.9217,44.1,41,7,1.72
309,Leh,IN,2022-05-09 20:12:31,34.1667,77.5833,46.85,44,8,5.01
310,Preobrazheniye,RU,2022-05-09 20:12:31,42.9019,133.9064,48.83,47,0,7.99
311,Murgab,TM,2022-05-09 20:12:32,37.4966,61.9714,65.79,55,100,13.24
312,Xichang,CN,2022-05-09 20:12:33,27.8964,102.2634,59.54,93,100,1.45
313,Guilin,CN,2022-05-09 20:12:33,25.2819,110.2864,70.41,99,100,2.98
314,Fort Nelson,CA,2022-05-09 20:10:16,58.8053,-122.7002,29.79,80,100,6.91
315,Dauphin,CA,2022-05-09 20:13:34,51.1494,-100.0502,51.94,95,100,11.5
316,Santa Fe Do Sul,BR,2022-05-09 20:13:35,-20.2111,-50.9258,86.83,28,4,4.56
317,Wanning,CN,2022-05-09 20:13:35,18.8003,110.3967,77.09,94,80,5.59
318,Katsuura,JP,2022-05-09 20:13:36,35.1333,140.3,56.7,88,100,16.75
319,Huainan,CN,2022-05-09 20:13:36,32.6264,116.9969,58.41,73,100,8.43
320,Marihatag,PH,2022-05-09 20:13:37,8.7936,126.2969,77.11,92,100,3.13
321,Yangambi,CD,2022-05-09 20:13:38,0.8102,24.4336,69.96,94,100,1.63
322,Chepareria,KE,2022-05-09 20:13:38,1.3077,35.2039,62.24,77,86,4.88
323,Areosa,PT,2022-05-09 20:13:39,41.7178,-8.8571,59.22,88,54,10.96
324,Salalah,OM,2022-05-09 20:13:39,17.0151,54.0924,82.49,78,0,0.0
325,Nyagan,RU,2022-05-09 20:13:40,62.1406,65.3936,49.32,62,39,5.14
326,Kamaishi,JP,2022-05-09 20:13:40,39.2667,141.8833,45.16,69,0,6.53
327,Batemans Bay,AU,2022-05-09 20:13:41,-35.7167,150.1833,56.1,83,100,5.1
328,Hambantota,LK,2022-05-09 20:13:42,6.1241,81.1185,81.72,81,100,19.62
329,Bar Harbor,US,2022-05-09 20:13:42,44.3876,-68.2039,69.46,33,0,9.22
330,Asau,RO,2022-05-09 20:13:43,46.4333,26.4,54.95,100,52,4.32
331,Chiredzi,ZW,2022-05-09 20:13:43,-21.05,31.6667,66.51,70,0,4.21
332,Muhororo,UG,2022-05-09 20:13:44,0.9381,30.7594,65.28,88,60,4.23
333,Merauke,ID,2022-05-09 20:13:44,-8.4667,140.3333,79.03,93,67,8.75
334,Along,IN,2022-05-09 20:13:45,28.1667,94.7667,69.04,96,68,1.95
335,La Palma,US,2022-05-09 20:13:45,33.8464,-118.0467,73.92,59,75,12.66
336,San Jeronimo,PE,2022-05-09 20:13:46,-11.9472,-75.2829,64.63,43,62,7.47
337,Rabo De Peixe,PT,2022-05-09 20:13:47,37.8,-25.5833,63.91,72,40,5.75
338,Ilo,PE,2022-05-09 20:13:47,-17.6394,-71.3375,68.86,73,0,11.5
339,Sinnamary,GF,2022-05-09 20:13:48,5.3833,-52.95,80.42,79,8,9.98
340,Yuli,NG,2022-05-09 20:13:49,9.6989,10.2744,79.57,72,94,12.08
341,Geraldton,AU,2022-05-09 20:13:49,-28.7667,114.6,59.41,94,99,8.05
342,Christchurch,NZ,2022-05-09 20:13:50,-43.5333,172.6333,50.41,88,20,5.75
343,Vila Franca Do Campo,PT,2022-05-09 20:13:51,37.7167,-25.4333,64.81,71,2,4.14
344,Twin Falls,US,2022-05-09 20:13:51,42.3505,-114.6445,44.49,61,100,25.32
345,Vila Velha,BR,2022-05-09 20:13:52,-20.3297,-40.2925,76.95,61,0,12.66
346,Vammala,FI,2022-05-09 20:13:53,61.3333,22.9,48.9,75,68,8.23
347,Rio Gallegos,AR,2022-05-09 20:13:54,-51.6226,-69.2181,50.05,71,0,20.71
348,Yenagoa,NG,2022-05-09 20:13:54,4.9247,6.2642,78.04,90,100,3.71
349,Ilulissat,GL,2022-05-09 20:13:55,69.2167,-51.1,26.62,93,75,10.36
350,Shalazhi,RU,2022-05-09 20:13:57,43.0978,45.3608,43.95,75,29,6.6
351,Hammerfest,NO,2022-05-09 20:13:57,70.6634,23.6821,34.25,100,75,6.91
352,Ransang,PH,2022-05-09 20:13:58,8.9603,117.5828,79.7,82,100,3.18
353,Aripuana,BR,2022-05-09 20:13:59,-9.1667,-60.6333,81.37,85,100,1.16
354,Champawat,IN,2022-05-09 20:14:00,29.3333,80.1,65.01,52,25,4.27
355,Port Lincoln,AU,2022-05-09 20:14:00,-34.7333,135.8667,58.3,72,0,5.1
356,Uglekamensk,RU,2022-05-09 20:14:01,43.2172,133.2303,42.49,55,0,2.17
357,Heiligenhafen,DE,2022-05-09 20:14:02,54.3667,10.9833,53.06,76,40,12.19
358,Shubarkuduk,KZ,2022-05-09 20:14:03,49.1447,56.4872,53.8,94,100,16.84
359,San Quintin,MX,2022-05-09 20:14:03,30.4833,-115.95,63.55,60,0,23.42
360,Kariba,ZW,2022-05-09 20:15:04,-16.5167,28.8,73.04,55,16,1.48
361,Omsukchan,RU,2022-05-09 20:15:05,62.5333,155.8,23.61,89,91,7.29
362,Chipinge,ZW,2022-05-09 20:15:05,-20.1883,32.6236,59.29,93,4,3.47
363,Jumla,NP,2022-05-09 20:15:05,29.2747,82.1838,54.45,85,53,1.05
364,Pita,GN,2022-05-09 20:15:06,10.8333,-12.5833,77.58,87,99,5.53
365,Linxia,CN,2022-05-09 20:15:07,35.6003,103.2064,55.92,40,100,2.48
366,Ballaghaderreen,IE,2022-05-09 20:15:07,53.9,-8.5833,54.48,86,100,12.84
367,Pasighat,IN,2022-05-09 20:15:08,28.0667,95.3333,72.03,88,19,2.89
368,Nadym,RU,2022-05-09 20:15:08,65.5333,72.5167,35.02,100,100,9.75
369,Sitka,US,2022-05-09 20:15:09,57.0531,-135.33,51.69,66,20,17.27
370,Coihaique,CL,2022-05-09 20:13:15,-45.5752,-72.0662,49.95,57,40,3.44
371,Weyburn,CA,2022-05-09 20:15:10,49.6668,-103.8511,53.82,71,100,9.22
372,Nsanje,MW,2022-05-09 20:15:10,-16.92,35.262,69.42,83,0,1.9
373,Longhua,CN,2022-05-09 20:15:11,23.6137,114.1919,71.35,98,100,2.68
374,Bonfim,BR,2022-05-09 20:15:11,3.0833,-59.95,86.92,57,100,2.17
375,Roald,NO,2022-05-09 20:15:12,62.5833,6.1333,58.12,66,0,10.36
376,Riverton,US,2022-05-09 20:15:13,40.5219,-111.9391,52.11,31,100,16.11
377,Kaeo,NZ,2022-05-09 20:15:13,-35.1,173.7833,54.32,96,18,4.52
378,Bagaciu,RO,2022-05-09 20:15:14,46.2667,24.3667,53.35,94,100,4.32
379,Semporna,MY,2022-05-09 20:15:14,4.4818,118.6112,77.94,90,100,5.57
380,Kendallville,US,2022-05-09 20:11:06,41.4414,-85.265,76.73,48,0,24.16
381,Kaitangata,NZ,2022-05-09 20:15:15,-46.2817,169.8464,45.41,87,79,5.1
382,Antalya,TR,2022-05-09 20:14:05,36.7741,30.7178,65.08,74,75,1.14
383,Empalme,MX,2022-05-09 20:15:16,27.9667,-110.8167,95.34,36,0,12.21
384,Hay River,CA,2022-05-09 20:11:46,60.8156,-115.7999,26.38,87,100,14.18
385,La Rioja,ES,2022-05-09 20:15:17,42.25,-2.5,55.18,59,26,5.21
386,Nemuro,JP,2022-05-09 20:15:17,43.3236,145.575,44.28,67,17,22.37
387,Touros,BR,2022-05-09 20:15:18,-5.1989,-35.4608,77.94,86,21,14.76
388,Meadow Lake,US,2022-05-09 20:15:18,34.8014,-106.5436,84.85,9,0,23.17
389,Ulladulla,AU,2022-05-09 20:15:19,-35.35,150.4667,56.3,84,100,3.87
390,Cururupu,BR,2022-05-09 20:15:19,-1.8283,-44.8683,74.91,96,100,2.37
391,Liyang,CN,2022-05-09 20:15:20,29.7057,118.2862,61.52,97,100,2.15
392,Kuybyshevo,RU,2022-05-09 20:15:20,47.8123,38.9073,50.85,77,78,14.74
393,Pithora,IN,2022-05-09 20:15:21,21.2667,82.5167,82.58,58,19,9.64
394,Tukrah,LY,2022-05-09 20:15:22,32.5341,20.5791,62.15,89,10,6.58
395,Sao Joao Da Barra,BR,2022-05-09 20:15:22,-21.6403,-41.0511,75.29,58,32,14.07
396,Nalgonda,IN,2022-05-09 20:15:23,17.05,79.2667,87.33,57,100,14.14
397,Najran,SA,2022-05-09 20:14:58,17.4924,44.1277,81.41,19,0,5.39
398,North Platte,US,2022-05-09 20:15:23,41.1239,-100.7654,75.11,33,0,13.8
399,Manama,BH,2022-05-09 20:15:02,26.2154,50.5832,80.58,47,0,11.5
400,Vardo,NO,2022-05-09 20:15:24,70.3705,31.1107,37.38,75,0,3.44
401,Hatillo,PR,2022-05-09 20:15:25,18.4863,-66.8254,90.79,76,30,3.0
402,Hovd,MN,2022-05-09 20:15:25,48.0056,91.6419,35.31,34,0,2.8
403,Waharoa,NZ,2022-05-09 20:15:26,-37.7667,175.7667,58.51,97,99,1.16
404,Ancud,CL,2022-05-09 20:15:26,-41.8697,-73.8203,51.69,68,82,2.46
405,Vanimo,PG,2022-05-09 20:15:27,-2.6741,141.3028,78.49,90,80,6.64
406,West Wendover,US,2022-05-09 20:15:27,40.7391,-114.0733,43.81,29,75,12.66
407,Padang,ID,2022-05-09 20:16:28,-0.9492,100.3543,79.52,85,100,3.62
408,Manadhoo,MV,2022-05-09 20:16:28,5.7667,73.3833,84.67,73,100,21.9
409,Aku,NG,2022-05-09 20:16:29,6.7081,7.3167,79.36,77,15,3.44
410,Tak,TH,2022-05-09 20:16:29,16.5833,98.8333,70.12,99,100,2.8
411,Kenora,CA,2022-05-09 20:16:30,49.8167,-94.4337,47.37,100,100,5.75
412,Shizunai,JP,2022-05-09 20:16:31,42.3339,142.3669,43.45,79,4,6.2
413,Road Town,VG,2022-05-09 20:13:28,18.4167,-64.6167,84.24,74,20,9.22
414,Khilok,RU,2022-05-09 20:16:32,51.3674,110.4676,26.83,81,100,14.58
415,Moshenskoye,RU,2022-05-09 20:16:32,58.5102,34.5911,33.19,65,0,5.73
416,Bose,IT,2022-05-09 20:16:33,45.4612,8.0137,63.99,77,12,4.59
417,Pangkalanbuun,ID,2022-05-09 20:15:51,-2.6833,111.6167,74.16,97,100,2.3
418,Coahuayana,MX,2022-05-09 20:16:34,18.7333,-103.6833,88.74,47,24,7.96
419,Victoria,HK,2022-05-09 20:13:45,22.2855,114.1577,78.39,89,100,8.99
420,Westport,US,2022-05-09 20:14:24,41.1415,-73.3579,72.73,19,0,14.97
421,Chenzhou,CN,2022-05-09 20:16:35,25.8,113.0333,70.86,97,100,3.56
422,Garoua Boulai,CM,2022-05-09 20:16:36,5.8833,14.55,68.81,84,100,3.56
423,Magadan,RU,2022-05-09 20:16:36,59.5667,150.8,34.23,98,100,7.27
424,Kendari,ID,2022-05-09 20:16:37,-3.945,122.4989,75.56,94,100,3.71
425,Pingliang,CN,2022-05-09 20:16:37,35.5392,106.6861,49.48,91,71,4.54
426,Makat,KZ,2022-05-09 20:16:38,47.6469,53.3463,50.58,93,100,13.87
427,Gyongyospata,HU,2022-05-09 20:16:39,47.815,19.7892,55.24,79,27,6.08
428,Bastrop,US,2022-05-09 20:16:40,32.7562,-91.8724,90.7,65,0,1.01
429,Apricena,IT,2022-05-09 20:16:41,41.7839,15.4437,57.02,89,17,4.36
430,Kelheim,DE,2022-05-09 20:16:42,48.9167,11.8667,61.61,70,66,3.24
431,Itabira,BR,2022-05-09 20:16:42,-19.6192,-43.2269,68.4,60,0,5.23
432,Shakiso,ET,2022-05-09 20:16:43,5.75,38.9167,57.94,96,37,1.41
433,Svetlogorsk,BY,2022-05-09 20:16:43,52.6333,29.7333,41.54,66,13,3.18
434,Riyadh,SA,2022-05-09 20:16:15,24.6877,46.7219,80.74,15,0,9.24
435,Alassio,IT,2022-05-09 20:16:44,44.0039,8.1671,67.17,74,10,3.0
436,Kavaratti,IN,2022-05-09 20:16:45,10.5669,72.642,85.41,71,100,17.65
437,Half Moon Bay,US,2022-05-09 20:16:45,37.4636,-122.4286,63.05,52,0,17.27
438,Vetluzhskiy,RU,2022-05-09 20:16:46,58.3902,45.4654,35.4,97,100,13.27
439,Lavrentiya,RU,2022-05-09 20:12:22,65.5833,-171.0,27.48,82,8,5.01
440,Arifwala,PK,2022-05-09 20:16:47,30.294,73.0735,92.98,15,0,7.63
441,Mackay,AU,2022-05-09 20:16:47,-21.15,149.2,72.68,87,100,17.05
442,Bowen,AU,2022-05-09 20:16:48,-20.0167,148.2333,75.76,82,98,20.8
443,Minuri,PH,2022-05-09 20:16:48,16.535,121.8574,72.3,91,5,2.55
444,Chabahar,IR,2022-05-09 20:16:49,25.2919,60.643,85.8,52,0,16.91
445,Invermere,CA,2022-05-09 20:16:49,50.5167,-116.0354,50.79,55,100,1.43
446,Saint-Pierre,RE,2022-05-09 20:16:50,-21.3393,55.4781,71.28,83,0,5.75
447,Makakilo City,US,2022-05-09 20:16:50,21.3469,-158.0858,82.72,53,75,11.5
448,Mayumba,GA,2022-05-09 20:16:51,-3.432,10.6554,78.64,92,69,6.42
449,Kasongo-Lunda,CD,2022-05-09 20:16:51,-6.4667,16.8167,74.98,73,21,1.52
450,Klyuchi,RU,2022-05-09 20:16:52,52.2667,79.1667,47.39,59,8,8.12
451,Mwinilunga,ZM,2022-05-09 20:17:52,-11.7358,24.4293,63.63,68,40,4.47
452,Yershov,RU,2022-05-09 20:17:53,51.3513,48.2766,51.76,62,100,10.16
453,Madinat Sittah Uktubar,EG,2022-05-09 20:17:53,29.8167,31.05,74.89,38,0,12.75
454,Waynesville,US,2022-05-09 20:14:50,35.4887,-82.9887,76.73,39,4,1.99
455,Codrington,AU,2022-05-09 20:17:54,-38.2667,141.9667,44.67,82,8,5.88
456,Yarada,IN,2022-05-09 20:17:55,17.65,83.2667,86.32,62,75,19.57
457,Malvern,US,2022-05-09 20:14:05,34.3623,-92.813,89.35,61,2,12.46
458,Palmer,US,2022-05-09 20:17:56,42.1584,-72.3287,69.4,14,20,23.02
459,Muros,ES,2022-05-09 20:17:56,42.7762,-9.0603,67.68,78,100,7.34
460,Cam Ranh,VN,2022-05-09 20:17:57,11.9214,109.1591,78.76,89,20,3.44
461,Daru,PG,2022-05-09 20:17:57,-9.0763,143.2092,81.59,89,100,9.75
462,Denpasar,ID,2022-05-09 20:17:58,-8.65,115.2167,83.86,83,75,13.8
463,Tingi,TZ,2022-05-09 20:17:58,-11.3,35.0333,60.67,78,48,2.93
464,Nizwa,OM,2022-05-09 20:17:59,22.9333,57.5333,86.34,17,0,2.3
465,Smithers,CA,2022-05-09 20:14:24,54.7804,-127.1743,48.09,60,100,4.94
466,Tautira,PF,2022-05-09 20:17:59,-17.7333,-149.15,81.05,77,45,11.72
467,Irbeyskoye,RU,2022-05-09 20:18:00,55.6428,95.4522,31.69,91,100,3.49
468,Tianpeng,CN,2022-05-09 20:18:00,30.9866,103.9393,64.87,75,99,3.4
469,Constitucion,CL,2022-05-09 20:18:01,-35.3333,-72.4167,61.23,78,100,10.58
470,Phan Thiet,VN,2022-05-09 20:18:01,10.9333,108.1,78.01,88,100,4.61
471,Ostrovnoy,RU,2022-05-09 20:13:25,68.0531,39.5131,31.86,78,9,15.59
472,Bereslavka,RU,2022-05-09 20:18:02,48.6254,44.0449,55.69,78,100,15.57
473,Balkhash,KZ,2022-05-09 20:18:03,46.844,74.9804,56.95,40,78,22.24
474,Sechura,PE,2022-05-09 20:18:03,-5.5569,-80.8222,74.79,64,100,13.76
475,Valparaiso,CL,2022-05-09 20:16:08,-33.0393,-71.6273,71.83,64,0,16.11
476,Lagodekhi,GE,2022-05-09 20:18:04,41.8268,46.2767,54.5,88,99,1.19
477,Broome,US,2022-05-09 20:18:04,42.2506,-75.833,72.18,22,0,11.5
478,Tamano,JP,2022-05-09 20:18:05,34.4833,133.95,55.0,66,100,6.93
479,Hereford,GB,2022-05-09 20:18:05,52.0568,-2.7148,63.61,76,100,1.01
480,Mayya,RU,2022-05-09 20:18:06,61.7333,130.2811,25.92,82,100,7.2
481,Manggar,ID,2022-05-09 20:18:06,-2.8833,108.2667,81.84,78,100,2.15
482,Puerto Escondido,MX,2022-05-09 20:18:07,15.85,-97.0667,88.63,70,0,8.05
483,Kirakira,SB,2022-05-09 20:18:07,-10.4544,161.9205,81.14,83,100,9.31
484,Louis Trichardt,ZA,2022-05-09 20:18:08,-23.0439,29.9032,59.5,86,18,4.47
485,Juneau,US,2022-05-09 20:18:09,58.3019,-134.4197,59.0,97,0,9.22
486,Fare,PF,2022-05-09 20:18:09,-16.7,-151.0167,81.75,74,0,13.38
487,Idaho Falls,US,2022-05-09 20:13:22,43.4666,-112.0341,46.49,41,40,32.21
488,Morant Bay,JM,2022-05-09 20:18:10,17.8815,-76.4093,87.71,61,52,10.89
489,Kautokeino,NO,2022-05-09 20:18:10,69.0125,23.0412,35.33,98,100,14.09
490,Naro,IT,2022-05-09 20:18:11,37.2935,13.7936,53.26,86,100,4.36
491,Kruisfontein,ZA,2022-05-09 20:18:11,-34.0033,24.7314,53.89,72,13,5.41
492,Zurrieq,MT,2022-05-09 20:18:12,35.8311,14.4742,60.96,88,40,3.44
493,Akyab,MM,2022-05-09 20:18:12,20.15,92.9,77.56,88,100,6.98
494,Sisimiut,GL,2022-05-09 20:13:30,66.9395,-53.6735,30.33,96,100,27.13
495,Aplahoue,BJ,2022-05-09 20:18:13,6.9333,1.6833,77.63,91,40,9.13
496,Horasan,TR,2022-05-09 20:18:14,40.0458,42.1728,44.24,82,100,4.38
497,Acapulco,MX,2022-05-09 20:16:01,16.8634,-99.8901,85.82,66,20,10.36
498,Revda,RU,2022-05-09 20:18:14,56.801,59.9303,47.19,52,100,4.05
499,Dakar,SN,2022-05-09 20:19:15,14.6937,-17.4441,79.68,83,0,4.61
500,Torata,PE,2022-05-09 20:19:15,-17.0769,-70.8433,67.24,28,7,7.14
501,Olafsvik,IS,2022-05-09 20:19:16,64.8945,-23.7142,41.4,79,35,17.69
502,Yaan,NG,2022-05-09 20:19:17,7.3833,8.5667,84.78,65,100,6.78
503,Walcz,PL,2022-05-09 20:19:17,53.2779,16.4712,49.6,65,94,5.73
504,Marawi,PH,2022-05-09 20:19:18,7.9986,124.2928,70.2,92,98,0.94
505,Saint-Francois,FR,2022-05-09 20:19:18,46.4154,3.9054,60.67,82,0,2.3
506,Antsohihy,MG,2022-05-09 20:19:19,-14.8796,47.9875,76.24,85,49,1.74
507,Olinda,BR,2022-05-09 20:19:19,-8.0089,-34.8553,82.13,65,75,10.36
508,Hervey Bay,AU,2022-05-09 20:19:20,-25.2986,152.8535,68.02,95,100,5.99
509,Puerto Carreno,CO,2022-05-09 20:15:12,6.189,-67.4859,83.35,69,99,3.4
510,Pandan,PH,2022-05-09 20:19:20,14.0453,124.1694,78.87,84,19,7.58
511,Surkhakhi,RU,2022-05-09 20:19:21,43.1875,44.9019,46.62,76,85,5.84
512,Zhuhai,CN,2022-05-09 20:19:22,22.2769,113.5678,76.86,88,40,9.22
513,Ottawa,CA,2022-05-09 20:19:22,45.4112,-75.6981,73.83,14,40,13.8
514,Assiniboia,CA,2022-05-09 20:19:23,49.6334,-105.9845,53.42,43,100,13.8
515,Strezhevoy,RU,2022-05-09 20:19:23,60.7333,77.5889,47.23,82,97,4.85
516,Mehran,IR,2022-05-09 20:19:24,33.1222,46.1646,75.36,23,0,5.68
517,Cauquenes,CL,2022-05-09 20:19:24,-35.9671,-72.3225,67.57,53,54,4.72
518,Lloydminster,CA,2022-05-09 20:15:31,53.2835,-110.0016,52.02,37,75,9.22
519,Kieta,PG,2022-05-09 20:19:25,-6.2167,155.6333,79.2,85,73,2.24
520,Saint-Augustin,CA,2022-05-09 20:19:20,51.226,-58.6502,52.59,50,17,6.8
521,Atbasar,KZ,2022-05-09 20:19:26,51.8,68.3333,55.83,39,100,19.13
522,Ampanihy,MG,2022-05-09 20:19:27,-24.7,44.75,66.47,92,0,5.99
523,Severnoye,RU,2022-05-09 20:19:28,56.3491,78.3619,46.92,65,17,6.38
524,Hoa Binh,VN,2022-05-09 20:19:28,20.8133,105.3383,76.06,97,59,1.54
525,Xining,CN,2022-05-09 20:19:29,36.6167,101.7667,52.45,59,100,3.29
526,Basco,PH,2022-05-09 20:19:29,20.4487,121.9702,82.99,71,40,16.35
527,Bage,BR,2022-05-09 20:16:59,-31.3314,-54.1069,71.38,56,40,4.61
528,Alta Floresta,BR,2022-05-09 20:19:30,-9.8756,-56.0861,89.42,66,20,5.75
529,Ericeira,PT,2022-05-09 20:19:31,38.9627,-9.4156,71.28,86,94,12.24
530,Slonim,BY,2022-05-09 20:19:31,53.0867,25.3219,43.2,63,80,5.73
531,Sumter,US,2022-05-09 20:19:32,28.7086,-82.0831,84.79,53,0,10.6
532,Sept-Iles,CA,2022-05-09 20:15:49,50.2001,-66.3821,46.92,53,20,8.05
533,Simpang,ID,2022-05-09 20:19:33,-1.2667,104.0833,77.47,96,100,2.57
534,Mabaruma,GY,2022-05-09 20:19:34,8.2,-59.7833,84.47,64,64,7.47
535,Terrace,CA,2022-05-09 20:19:34,54.5163,-128.6035,55.31,54,75,13.8
536,Barnstead,US,2022-05-09 20:19:35,43.334,-71.2928,70.14,20,0,11.59
537,Komsomolskiy,UZ,2022-05-09 20:19:35,40.4272,71.7189,76.35,42,88,4.83
538,Shenzhen,CN,2022-05-09 20:17:42,22.5455,114.0683,78.28,95,91,6.46
539,At-Bashi,KG,2022-05-09 20:19:36,41.1702,75.8106,62.08,38,54,1.21
540,Mareeba,AU,2022-05-09 20:19:36,-17.0,145.4333,72.45,94,98,8.46
541,Tabou,CI,2022-05-09 20:19:37,4.423,-7.3528,80.17,80,57,7.58
542,Aktau,KZ,2022-05-09 20:19:37,43.65,51.2,52.38,83,97,24.65
543,Havelock,US,2022-05-09 20:20:38,34.8791,-76.9013,69.78,57,75,21.85
544,Esso,RU,2022-05-09 20:20:38,55.9333,158.7,34.9,96,83,5.57
545,Verkhoyansk,RU,2022-05-09 20:20:39,67.5447,133.385,18.36,85,100,7.43
546,Mbumi,TZ,2022-05-09 20:20:39,-7.9058,39.2105,73.51,94,100,1.1
547,Bambanglipuro,ID,2022-05-09 20:20:40,-7.95,110.2833,77.68,89,99,3.87
548,Young,UY,2022-05-09 20:20:41,-32.6833,-57.6333,67.44,69,100,3.89
549,Kambove,CD,2022-05-09 20:20:41,-10.8764,26.5969,63.99,70,37,3.62
550,Belyy Yar,RU,2022-05-09 20:20:42,53.6039,91.3903,28.29,59,96,0.0
551,Sungaipenuh,ID,2022-05-09 20:20:42,-2.0833,101.3833,67.48,94,100,2.86
552,Montemor-O-Novo,PT,2022-05-09 20:20:43,38.6481,-8.2145,67.96,52,47,8.32
553,Ouahigouya,BF,2022-05-09 20:20:43,13.5828,-2.4216,93.07,7,17,8.41
554,Salinopolis,BR,2022-05-09 20:20:44,-0.6136,-47.3561,77.27,90,100,5.57
555,Moranbah,AU,2022-05-09 20:20:44,-22.0016,148.0466,66.92,93,100,18.12
556,Passo De Camaragibe,BR,2022-05-09 20:20:45,-9.2368,-35.4901,81.95,80,100,4.18
557,Arzgir,RU,2022-05-09 20:20:45,45.3728,44.2206,53.96,68,99,16.11
558,Matai,TZ,2022-05-09 20:20:46,-8.3,31.5167,56.43,84,100,4.74
559,Richards Bay,ZA,2022-05-09 20:20:46,-28.783,32.0377,63.77,87,2,6.96
560,Sulangan,PH,2022-05-09 20:20:47,11.1373,123.7228,82.2,78,100,13.33
561,Hofn,IS,2022-05-09 20:20:47,64.2539,-15.2082,47.08,78,100,1.86
562,Bouna,CI,2022-05-09 20:20:48,9.2667,-3.0,76.06,79,99,7.99
563,Erenhot,CN,2022-05-09 20:20:49,43.6475,111.9767,52.7,48,100,12.84
564,Ryotsu,JP,2022-05-09 20:20:49,38.0833,138.4333,51.13,64,0,4.14
565,Agadez,NE,2022-05-09 20:20:50,19.75,10.25,93.69,13,35,7.58
566,Agidel,RU,2022-05-09 20:20:50,55.9077,53.9355,52.45,57,100,7.74
567,Setermoen,NO,2022-05-09 20:20:51,68.861,18.3486,41.43,99,100,5.75
568,Kungurtug,RU,2022-05-09 20:20:51,50.5994,97.5228,21.85,75,24,1.61
569,Faranah,GN,2022-05-09 20:20:52,10.0404,-10.7434,74.95,86,100,8.14
570,Kiunga,PG,2022-05-09 20:20:53,-6.1219,141.2906,75.45,100,100,2.44
